{
    "rmse": 0.8052562137635654,
    "mae": 0.6588048545646081,
    "r2": 0.007755538068188628
}